{
  "velocity": 30.410280707294234,
  "altitude": -31722.36106942716,
  "temperature": 16.158291832255074,
  "statusMessage": "Proceeding with planned phase transition.",
  "isAscending": true,
  "isActionRequired": false
}
